mutation,main_group,sub_group,is_backbone,is_sub_backbone
chr9_91232109_C>CTTAT,0,0_backbone,True,False
chr9_106306487_CT>C,1,1_backbone,True,False
chr17_717206_TA>T,2,2_backbone,True,False
mut_16,3,3_backbone,True,False
mut_12,4,4_backbone,True,False
mut_9,5,5_backbone,True,False
mut_1,6,6_backbone,True,False
mut_14,7,7_backbone,True,False
mut_5,8,8_backbone,True,False
mut_15,9,9_backbone,True,False
mut_8,10,10_backbone,True,False
mut_7,11,11_backbone,True,False
mut_4,12,12_backbone,True,False
mut_10,13,13_backbone,True,False
mut_6,14,14_backbone,True,False
mut_3,15,15_backbone,True,False
mut_2,16,16_backbone,True,False
mut_13,17,17_backbone,True,False
chr9_9117220_GT>G,18,18_backbone,True,False
mut_11,19,19_backbone,True,False
chr2_177844406_GT>G,0,0_0,False,True
chr1_53301408_T>A,1,1_0,False,True
chr11_40223839_G>GT,0,0_0,False,False
chr8_25976670_A>T,0,0_0,False,False
chr9_4259245_T>TTTTATTTA,0,0_0,False,False
chr6_135647703_AT>A,0,0_0,False,False
chr13_35593448_T>G,0,0_0,False,False
chr9_79602437_G>A,0,0_0,False,False
chr2_235552139_A>ATG,0,0_0,False,False
chr1_30775458_C>T,0,0_0,False,False
chr12_55841107_GT>G,0,0_0,False,False
chr3_181032100_GA>G,0,0_0,False,False
chr13_54754211_G>GA,0,0_0,False,False
chr4_55987018_C>CGT,1,1_0,False,False
chr19_9734206_G>GT,1,1_0,False,False
