cov_median,cov_CV,cov_mean,cov_std,pass_CV,group_id,backbone_mut
10.0,0.0,1.0,0.0,True,0,chr9_91232109_C>CTTAT
10.0,0.0,1.0,0.0,True,0,chr9_91232109_C>CTTAT
10.0,0.0,1.0,0.0,True,0,chr9_91232109_C>CTTAT
10.0,0.0,1.0,0.0,True,0,chr9_91232109_C>CTTAT
10.0,0.0,1.0,0.0,True,0,chr9_91232109_C>CTTAT
10.0,0.0,1.0,0.0,True,0,chr9_91232109_C>CTTAT
10.0,0.0,1.0,0.0,True,0,chr9_91232109_C>CTTAT
10.0,0.0,1.0,0.0,True,0,chr9_91232109_C>CTTAT
10.0,0.0,1.0,0.0,True,0,chr9_91232109_C>CTTAT
10.0,0.0,1.0,0.0,True,0,chr9_91232109_C>CTTAT
10.0,0.0,1.0,0.0,True,0,chr9_91232109_C>CTTAT
10.0,0.0,1.0,0.0,True,0,chr9_91232109_C>CTTAT
10.0,0.0,1.0,0.0,True,1,chr9_106306487_CT>C
10.0,0.0,1.0,0.0,True,1,chr9_106306487_CT>C
10.0,0.0,1.0,0.0,True,1,chr9_106306487_CT>C
10.0,0.0,1.0,0.0,True,2,chr17_717206_TA>T
10.0,0.0,1.0,0.0,True,2,chr17_717206_TA>T
